Date,Season,Home_Team,Away_Team,Predicted_Outcome,Prob_A,Prob_D,Prob_H,Outcome_str
2025-08-23 16:30:00,2025.00,Genoa CFC,US Lecce,H,0.14,0.31,0.55,D
2025-08-23 16:30:00,2025.00,US Sassuolo Calcio,SSC Napoli,D,0.27,0.45,0.28,A
2025-08-23 18:45:00,2025.00,AS Roma,Bologna FC 1909,H,0.32,0.29,0.39,
2025-08-23 18:45:00,2025.00,AC Milan,US Cremonese,H,0.13,0.17,0.70,
2025-08-24 16:30:00,2025.00,Cagliari Calcio,ACF Fiorentina,A,0.56,0.28,0.16,
2025-08-24 16:30:00,2025.00,Como 1907,SS Lazio,A,0.52,0.23,0.25,
2025-08-24 18:45:00,2025.00,Atalanta BC,AC Pisa 1909,H,0.26,0.26,0.48,
2025-08-24 18:45:00,2025.00,Juventus FC,Parma Calcio 1913,D,0.22,0.39,0.39,
2025-08-25 16:30:00,2025.00,Udinese Calcio,Hellas Verona FC,D,0.35,0.41,0.24,
2025-08-25 18:45:00,2025.00,FC Internazionale Milano,Torino FC,H,0.32,0.13,0.55,
2025-08-29 16:30:00,2025.00,US Cremonese,US Sassuolo Calcio,H,0.20,0.29,0.51,
2025-08-29 18:45:00,2025.00,US Lecce,AC Milan,A,0.45,0.25,0.30,
2025-08-30 16:30:00,2025.00,Parma Calcio 1913,Atalanta BC,A,0.51,0.29,0.20,
2025-08-30 16:30:00,2025.00,Bologna FC 1909,Como 1907,D,0.30,0.35,0.35,
2025-08-30 18:45:00,2025.00,SSC Napoli,Cagliari Calcio,H,0.18,0.27,0.55,
2025-08-30 18:45:00,2025.00,AC Pisa 1909,AS Roma,A,0.48,0.18,0.34,
2025-08-31 16:30:00,2025.00,Torino FC,ACF Fiorentina,A,0.51,0.24,0.25,
2025-08-31 16:30:00,2025.00,Genoa CFC,Juventus FC,H,0.33,0.27,0.40,
2025-08-31 18:45:00,2025.00,FC Internazionale Milano,Udinese Calcio,H,0.19,0.39,0.42,
2025-08-31 18:45:00,2025.00,SS Lazio,Hellas Verona FC,H,0.30,0.31,0.39,
2025-09-13 13:00:00,2025.00,Cagliari Calcio,Parma Calcio 1913,H,0.35,0.29,0.36,
2025-09-13 16:00:00,2025.00,Juventus FC,FC Internazionale Milano,A,0.53,0.29,0.18,
2025-09-13 18:45:00,2025.00,ACF Fiorentina,SSC Napoli,H,0.22,0.16,0.62,
2025-09-14 10:30:00,2025.00,AS Roma,Torino FC,H,0.33,0.29,0.38,
2025-09-14 13:00:00,2025.00,Atalanta BC,US Lecce,H,0.21,0.22,0.57,
2025-09-14 13:00:00,2025.00,AC Pisa 1909,Udinese Calcio,D,0.33,0.35,0.32,
2025-09-14 16:00:00,2025.00,US Sassuolo Calcio,SS Lazio,A,0.50,0.22,0.28,
2025-09-14 18:45:00,2025.00,AC Milan,Bologna FC 1909,H,0.31,0.24,0.45,
2025-09-15 16:30:00,2025.00,Hellas Verona FC,US Cremonese,H,0.34,0.27,0.39,
2025-09-15 18:45:00,2025.00,Como 1907,Genoa CFC,A,0.43,0.22,0.35,
2025-09-21 00:00:00,2025.00,ACF Fiorentina,Como 1907,H,0.15,0.15,0.70,
2025-09-21 00:00:00,2025.00,Bologna FC 1909,Genoa CFC,H,0.27,0.26,0.47,
2025-09-21 00:00:00,2025.00,Torino FC,Atalanta BC,D,0.29,0.38,0.33,
2025-09-21 00:00:00,2025.00,Hellas Verona FC,Juventus FC,A,0.38,0.32,0.30,
2025-09-21 00:00:00,2025.00,US Lecce,Cagliari Calcio,H,0.29,0.30,0.41,
2025-09-21 00:00:00,2025.00,US Cremonese,Parma Calcio 1913,A,0.56,0.28,0.16,
2025-09-21 00:00:00,2025.00,Udinese Calcio,AC Milan,A,0.43,0.20,0.37,
2025-09-21 00:00:00,2025.00,SSC Napoli,AC Pisa 1909,A,0.37,0.33,0.30,
2025-09-21 00:00:00,2025.00,SS Lazio,AS Roma,H,0.24,0.24,0.52,
2025-09-21 00:00:00,2025.00,FC Internazionale Milano,US Sassuolo Calcio,D,0.33,0.37,0.30,
2025-09-28 00:00:00,2025.00,AC Milan,SSC Napoli,A,0.41,0.36,0.23,
2025-09-28 00:00:00,2025.00,Cagliari Calcio,FC Internazionale Milano,H,0.25,0.36,0.39,
2025-09-28 00:00:00,2025.00,Genoa CFC,SS Lazio,D,0.33,0.36,0.31,
2025-09-28 00:00:00,2025.00,Como 1907,US Cremonese,A,0.35,0.30,0.35,
2025-09-28 00:00:00,2025.00,Juventus FC,Atalanta BC,A,0.42,0.37,0.21,
2025-09-28 00:00:00,2025.00,Parma Calcio 1913,Torino FC,H,0.28,0.34,0.38,
2025-09-28 00:00:00,2025.00,AC Pisa 1909,ACF Fiorentina,H,0.34,0.24,0.42,
2025-09-28 00:00:00,2025.00,US Sassuolo Calcio,Udinese Calcio,H,0.38,0.23,0.39,
2025-09-28 00:00:00,2025.00,US Lecce,Bologna FC 1909,A,0.50,0.29,0.21,
2025-09-28 00:00:00,2025.00,AS Roma,Hellas Verona FC,H,0.24,0.32,0.44,
2025-10-05 00:00:00,2025.00,ACF Fiorentina,AS Roma,H,0.32,0.29,0.39,
2025-10-05 00:00:00,2025.00,Bologna FC 1909,AC Pisa 1909,H,0.31,0.21,0.48,
2025-10-05 00:00:00,2025.00,Hellas Verona FC,US Sassuolo Calcio,D,0.24,0.48,0.28,
2025-10-05 00:00:00,2025.00,FC Internazionale Milano,US Cremonese,D,0.30,0.38,0.32,
2025-10-05 00:00:00,2025.00,Juventus FC,AC Milan,H,0.20,0.35,0.45,
2025-10-05 00:00:00,2025.00,SS Lazio,Torino FC,H,0.24,0.30,0.46,
2025-10-05 00:00:00,2025.00,Parma Calcio 1913,US Lecce,H,0.17,0.27,0.56,
2025-10-05 00:00:00,2025.00,Udinese Calcio,Cagliari Calcio,H,0.29,0.35,0.36,
2025-10-05 00:00:00,2025.00,Atalanta BC,Como 1907,H,0.25,0.36,0.39,
2025-10-05 00:00:00,2025.00,SSC Napoli,Genoa CFC,H,0.16,0.18,0.66,
2025-10-19 00:00:00,2025.00,AS Roma,FC Internazionale Milano,D,0.28,0.40,0.32,
2025-10-19 00:00:00,2025.00,AC Milan,ACF Fiorentina,D,0.41,0.43,0.16,
2025-10-19 00:00:00,2025.00,Atalanta BC,SS Lazio,D,0.25,0.47,0.28,
2025-10-19 00:00:00,2025.00,Cagliari Calcio,Bologna FC 1909,D,0.34,0.37,0.29,
2025-10-19 00:00:00,2025.00,Genoa CFC,Parma Calcio 1913,D,0.35,0.38,0.27,
2025-10-19 00:00:00,2025.00,Torino FC,SSC Napoli,D,0.35,0.49,0.16,
2025-10-19 00:00:00,2025.00,AC Pisa 1909,Hellas Verona FC,H,0.26,0.31,0.43,
2025-10-19 00:00:00,2025.00,US Cremonese,Udinese Calcio,A,0.37,0.30,0.33,
2025-10-19 00:00:00,2025.00,US Lecce,US Sassuolo Calcio,A,0.40,0.36,0.24,
2025-10-19 00:00:00,2025.00,Como 1907,Juventus FC,H,0.19,0.34,0.47,
2025-10-26 00:00:00,2025.00,US Cremonese,Atalanta BC,H,0.18,0.29,0.53,
2025-10-26 00:00:00,2025.00,Udinese Calcio,US Lecce,H,0.34,0.25,0.41,
2025-10-26 00:00:00,2025.00,SSC Napoli,FC Internazionale Milano,H,0.34,0.29,0.37,
2025-10-26 00:00:00,2025.00,US Sassuolo Calcio,AS Roma,A,0.45,0.33,0.22,
2025-10-26 00:00:00,2025.00,Parma Calcio 1913,Como 1907,H,0.27,0.26,0.47,
2025-10-26 00:00:00,2025.00,SS Lazio,Juventus FC,A,0.36,0.32,0.32,
2025-10-26 00:00:00,2025.00,Hellas Verona FC,Cagliari Calcio,A,0.55,0.25,0.20,
2025-10-26 00:00:00,2025.00,Torino FC,Genoa CFC,D,0.26,0.37,0.37,
2025-10-26 00:00:00,2025.00,ACF Fiorentina,Bologna FC 1909,A,0.56,0.28,0.16,
2025-10-26 00:00:00,2025.00,AC Milan,AC Pisa 1909,D,0.22,0.49,0.29,
2025-10-29 00:00:00,2025.00,Atalanta BC,AC Milan,A,0.54,0.31,0.15,
2025-10-29 00:00:00,2025.00,Cagliari Calcio,US Sassuolo Calcio,H,0.16,0.37,0.47,
2025-10-29 00:00:00,2025.00,Genoa CFC,US Cremonese,A,0.38,0.33,0.29,
2025-10-29 00:00:00,2025.00,Como 1907,Hellas Verona FC,H,0.31,0.30,0.39,
2025-10-29 00:00:00,2025.00,Bologna FC 1909,Torino FC,A,0.48,0.27,0.25,
2025-10-29 00:00:00,2025.00,FC Internazionale Milano,ACF Fiorentina,H,0.28,0.34,0.38,
2025-10-29 00:00:00,2025.00,Juventus FC,Udinese Calcio,H,0.20,0.27,0.53,
2025-10-29 00:00:00,2025.00,AC Pisa 1909,SS Lazio,D,0.36,0.44,0.20,
2025-10-29 00:00:00,2025.00,AS Roma,Parma Calcio 1913,H,0.28,0.35,0.37,
2025-10-29 00:00:00,2025.00,US Lecce,SSC Napoli,D,0.24,0.47,0.29,
